Timestamp,QR_Data,Distance_meters
2026-08-01 11:30:43,http://en.m.wikipedia.org,0.99
2026-08-01 11:30:46,http://en.m.wikipedia.org,1.05
2026-08-01 11:30:48,http://en.m.wikipedia.org,0.96
2026-08-01 11:31:22,http://en.m.wikipedia.org,0.88
2026-08-01 11:31:48,http://en.m.wikipedia.org,0.92
2026-08-01 11:34:05,http://en.m.wikipedia.org,0.99
2026-08-11 17:30:58,https://qrr.to/ea5f58ef,0.45
2026-08-11 17:31:00,https://qrr.to/ea5f58ef,0.48
2026-08-11 17:31:02,https://qrr.to/ea5f58ef,0.52
2026-08-11 17:31:05,https://qrr.to/ea5f58ef,0.46
2026-08-11 17:31:07,https://qrr.to/ea5f58ef,0.47
2026-08-11 17:33:56,https://qrr.to/ea5f58ef,0.46
2026-08-11 17:33:59,https://qrr.to/ea5f58ef,0.47
2026-08-11 17:34:01,https://qrr.to/ea5f58ef,0.47
2026-08-11 17:34:04,https://qrr.to/ea5f58ef,0.49
2026-08-11 17:34:25,https://qrr.to/ea5f58ef,0.42
2026-08-11 17:34:27,https://qrr.to/ea5f58ef,0.37
2026-08-11 17:34:32,https://qrr.to/ea5f58ef,0.53
2026-08-11 17:42:32,https://qrr.to/ea5f58ef,0.75
2026-08-11 17:42:34,https://qrr.to/ea5f58ef,0.69
2026-08-13 10:07:55,https://qrr.to/ea5f58ef,0.55
2026-08-13 10:07:57,https://qrr.to/ea5f58ef,0.56
2026-08-13 10:07:59,https://qrr.to/ea5f58ef,0.57
2026-08-13 10:10:23,https://qrr.to/ea5f58ef,0.56,Phone Camera
2026-08-13 10:10:26,https://qrr.to/ea5f58ef,0.55,Phone Camera
2026-08-13 10:10:27,https://qrr.to/ea5f58ef,0.55,Phone Camera
2026-08-13 10:10:28,https://qrr.to/ea5f58ef,0.55,Phone Camera
2026-08-13 10:10:29,https://qrr.to/ea5f58ef,0.55,Phone Camera
2026-08-13 10:12:57,https://qrr.to/ea5f58ef,0.37
2026-08-13 10:12:58,https://qrr.to/ea5f58ef,0.38
2026-08-13 10:13:13,https://qrr.to/ea5f58ef,0.82
2026-08-13 10:13:14,https://qrr.to/ea5f58ef,0.82
2026-08-13 10:13:16,https://qrr.to/ea5f58ef,0.82
2026-08-13 10:13:17,https://qrr.to/ea5f58ef,0.82
2026-08-13 10:13:18,https://qrr.to/ea5f58ef,0.82
2026-08-13 10:13:19,https://qrr.to/ea5f58ef,0.83
2026-08-13 10:13:22,https://qrr.to/ea5f58ef,0.63
2026-08-13 10:13:23,https://qrr.to/ea5f58ef,0.63
2026-08-13 10:15:50,https://qrr.to/ea5f58ef,0.44
2026-08-13 10:15:51,https://qrr.to/ea5f58ef,0.44
2026-08-13 10:15:52,https://qrr.to/ea5f58ef,0.44
2026-08-13 10:15:55,https://qrr.to/ea5f58ef,1.13
2026-08-13 10:15:56,https://qrr.to/ea5f58ef,1.14
2026-08-13 10:15:57,https://qrr.to/ea5f58ef,1.14
2026-08-13 10:15:58,https://qrr.to/ea5f58ef,1.14
2026-08-13 10:15:59,https://qrr.to/ea5f58ef,1.15
2026-08-13 10:16:00,https://qrr.to/ea5f58ef,1.14
2026-08-13 10:16:07,https://qrr.to/ea5f58ef,1.32
2026-08-13 10:16:10,https://qrr.to/ea5f58ef,1.22
2026-08-13 10:16:11,https://qrr.to/ea5f58ef,1.20
2026-08-13 10:16:13,https://qrr.to/ea5f58ef,0.92
2026-08-13 10:16:14,https://qrr.to/ea5f58ef,0.93
2026-08-13 10:16:15,https://qrr.to/ea5f58ef,0.96
2026-08-13 10:16:16,https://qrr.to/ea5f58ef,0.96
2026-08-13 10:16:17,https://qrr.to/ea5f58ef,0.96
2026-08-13 10:17:48,https://qrr.to/ea5f58ef,1.02
2026-08-13 10:18:00,https://qrr.to/ea5f58ef,0.84
2026-08-13 10:21:17,https://qrr.to/ea5f58ef,0.55
2026-08-13 10:21:25,https://qrr.to/ea5f58ef,0.53
2026-08-13 10:21:26,https://qrr.to/ea5f58ef,0.54
2026-08-13 10:21:27,https://qrr.to/ea5f58ef,0.53
2026-08-13 10:21:28,https://qrr.to/ea5f58ef,0.54
2026-08-13 10:21:29,https://qrr.to/ea5f58ef,0.53
2026-08-13 10:23:54,https://qrr.to/ea5f58ef,0.67
2026-08-13 10:23:55,https://qrr.to/ea5f58ef,0.67
2026-08-13 10:23:56,https://qrr.to/ea5f58ef,0.67
2026-08-13 10:23:57,https://qrr.to/ea5f58ef,0.66
2026-08-13 10:23:58,https://qrr.to/ea5f58ef,0.67
2026-08-13 10:23:59,https://qrr.to/ea5f58ef,0.67
2026-08-13 10:24:00,https://qrr.to/ea5f58ef,0.66
2026-08-13 10:24:01,https://qrr.to/ea5f58ef,0.66
2026-08-13 10:24:05,https://qrr.to/ea5f58ef,0.45
2026-08-13 10:24:06,https://qrr.to/ea5f58ef,0.44
2026-08-13 10:24:07,https://qrr.to/ea5f58ef,0.43
2026-08-13 10:24:08,https://qrr.to/ea5f58ef,0.43
2026-08-13 10:24:15,https://qrr.to/ea5f58ef,0.44
2026-08-13 10:24:16,https://qrr.to/ea5f58ef,0.44
2026-08-13 10:24:17,https://qrr.to/ea5f58ef,0.43
2026-08-13 10:24:18,https://qrr.to/ea5f58ef,0.43
2026-08-13 10:27:43,https://qrr.to/ea5f58ef,0.59
2026-08-13 10:27:44,https://qrr.to/ea5f58ef,0.59
2026-08-13 10:27:45,https://qrr.to/ea5f58ef,0.59
2026-08-13 10:27:46,https://qrr.to/ea5f58ef,0.59
2026-08-13 10:27:47,https://qrr.to/ea5f58ef,0.59
2026-08-13 10:27:48,https://qrr.to/ea5f58ef,0.59
2026-08-13 10:27:49,https://qrr.to/ea5f58ef,0.59
2026-08-13 10:27:56,https://qrr.to/ea5f58ef,0.60
2026-08-13 10:27:57,https://qrr.to/ea5f58ef,0.59
2026-08-13 10:27:58,https://qrr.to/ea5f58ef,0.60
2026-08-13 10:27:59,https://qrr.to/ea5f58ef,0.59
2026-08-13 10:28:16,https://qrr.to/ea5f58ef,0.46
2026-08-13 10:28:17,https://qrr.to/ea5f58ef,0.45
2026-08-13 10:28:18,https://qrr.to/ea5f58ef,0.45
2026-08-13 10:30:35,https://qrr.to/ea5f58ef,0.46
2026-08-13 10:30:36,https://qrr.to/ea5f58ef,0.46
2026-08-13 10:30:37,https://qrr.to/ea5f58ef,0.46
2026-08-13 10:30:38,https://qrr.to/ea5f58ef,0.46
2026-08-13 10:30:39,https://qrr.to/ea5f58ef,0.46
2026-08-13 10:30:40,https://qrr.to/ea5f58ef,0.46
2026-08-13 10:30:41,https://qrr.to/ea5f58ef,0.46
2026-08-13 10:30:56,https://qrr.to/ea5f58ef,0.44
2026-08-13 10:30:57,https://qrr.to/ea5f58ef,0.44
2026-08-13 10:30:58,https://qrr.to/ea5f58ef,0.44
2026-08-13 10:30:59,https://qrr.to/ea5f58ef,0.44
2026-08-13 10:31:06,https://qrr.to/ea5f58ef,0.36
2026-08-13 10:31:07,https://qrr.to/ea5f58ef,0.36
2026-08-13 10:31:08,https://qrr.to/ea5f58ef,0.36
2026-08-13 10:31:09,https://qrr.to/ea5f58ef,0.36
2026-08-13 10:31:10,https://qrr.to/ea5f58ef,0.36
2026-08-13 10:31:11,https://qrr.to/ea5f58ef,0.36
2026-08-13 10:34:56,https://qrr.to/ea5f58ef,0.50
2026-08-13 10:34:57,https://qrr.to/ea5f58ef,0.51
2026-08-13 10:34:58,https://qrr.to/ea5f58ef,0.52
2026-08-13 10:34:59,https://qrr.to/ea5f58ef,0.51
2026-08-13 10:35:00,https://qrr.to/ea5f58ef,0.51
2026-08-13 10:35:03,https://qrr.to/ea5f58ef,0.53
2026-08-13 10:35:04,https://qrr.to/ea5f58ef,0.53
2026-08-13 10:35:05,https://qrr.to/ea5f58ef,0.53
2026-08-13 10:35:06,https://qrr.to/ea5f58ef,0.53
2026-08-13 10:41:11,https://qrr.to/ea5f58ef,0.68
2026-08-13 10:41:12,https://qrr.to/ea5f58ef,0.68
2026-08-13 10:41:13,https://qrr.to/ea5f58ef,0.68
2026-08-13 10:41:14,https://qrr.to/ea5f58ef,0.68
2026-08-13 10:41:15,https://qrr.to/ea5f58ef,0.68
2026-08-13 10:41:16,https://qrr.to/ea5f58ef,0.68
2026-08-13 10:41:17,https://qrr.to/ea5f58ef,0.68
2026-08-13 10:41:18,https://qrr.to/ea5f58ef,0.68
2026-08-13 10:41:19,https://qrr.to/ea5f58ef,0.68
2026-08-13 10:41:28,https://qrr.to/ea5f58ef,1.07
2026-08-13 10:41:29,https://qrr.to/ea5f58ef,1.09
2026-08-13 10:41:30,https://qrr.to/ea5f58ef,1.10
2026-08-13 10:41:31,https://qrr.to/ea5f58ef,1.10
2026-08-13 10:42:23,https://qrr.to/ea5f58ef,1.29
2026-08-13 10:42:35,https://qrr.to/ea5f58ef,1.13
2026-08-13 10:42:36,https://qrr.to/ea5f58ef,1.15
2026-08-13 10:42:37,https://qrr.to/ea5f58ef,1.14
2026-08-13 10:42:38,https://qrr.to/ea5f58ef,1.14
2026-08-13 10:42:39,https://qrr.to/ea5f58ef,1.21
2026-08-13 10:42:40,https://qrr.to/ea5f58ef,1.21
2026-08-13 10:42:43,https://qrr.to/ea5f58ef,1.25
2026-08-13 10:42:44,https://qrr.to/ea5f58ef,1.25
2026-08-13 10:42:45,https://qrr.to/ea5f58ef,1.23
2026-08-13 10:44:32,https://qrr.to/ea5f58ef,1.02
2026-08-13 10:44:33,https://qrr.to/ea5f58ef,1.04
2026-08-13 10:44:34,https://qrr.to/ea5f58ef,1.03
2026-08-13 10:44:35,https://qrr.to/ea5f58ef,1.04
2026-08-13 10:44:38,https://qrr.to/ea5f58ef,1.04
2026-08-13 10:44:39,https://qrr.to/ea5f58ef,1.03
2026-08-13 10:44:40,https://qrr.to/ea5f58ef,1.03
2026-08-13 10:45:34,https://example.com,0.89
2026-08-13 10:45:35,https://example.com,0.89
2026-08-13 10:45:41,https://example.com,0.74
2026-08-13 10:45:42,https://example.com,0.73
2026-08-13 10:45:43,https://example.com,0.72
2026-08-13 10:45:44,https://example.com,0.72
2026-08-13 10:45:45,https://example.com,0.72
2026-08-13 10:45:46,https://example.com,0.72
2026-08-13 10:45:47,https://example.com,1.08
2026-08-13 10:45:48,https://example.com,1.10
2026-08-13 10:45:49,https://example.com,1.10
2026-08-13 10:45:56,https://example.com,1.11
2026-08-13 10:45:57,https://example.com,1.11
2026-08-13 10:45:58,https://example.com,1.11
2026-08-13 10:45:59,https://example.com,1.13
2026-08-13 10:46:00,https://example.com,1.12
2026-08-13 10:46:01,https://example.com,1.13
2026-08-13 10:46:04,https://example.com,1.13
2026-08-13 10:46:05,https://example.com,1.14
2026-08-13 10:46:06,https://example.com,0.74
2026-08-13 10:46:07,https://example.com,0.48
2026-08-13 10:46:08,https://example.com,0.48
2026-08-13 10:46:09,https://example.com,0.36
2026-08-13 10:46:10,https://example.com,0.35
2026-08-13 10:46:11,https://example.com,0.35
2026-08-13 10:46:12,https://example.com,0.35
2026-08-13 10:46:13,https://example.com,1.13
2026-08-13 10:46:14,https://example.com,1.13
2026-08-13 10:46:21,https://example.com,1.13
2026-08-13 10:46:23,https://example.com,1.11
2026-08-13 10:46:24,https://example.com,0.73
2026-08-13 10:46:25,https://example.com,0.73
2026-08-13 10:46:26,https://example.com,0.73
2026-08-13 10:46:27,https://example.com,0.47
2026-08-13 10:46:28,https://example.com,0.35
2026-08-13 10:46:29,https://example.com,0.35
2026-08-13 10:46:30,https://example.com,0.36
2026-08-13 10:46:31,https://example.com,0.37
2026-08-13 10:46:32,https://example.com,0.40
2026-08-22 12:03:57,https://css.ext.hp.com/messenger/whatsApp/whatsApp_IN.html,153,41
2026-08-22 12:03:58,https://css.ext.hp.com/messenger/whatsApp/whatsApp_IN.html,149,132
2026-08-22 12:03:59,https://css.ext.hp.com/messenger/whatsApp/whatsApp_IN.html,147,158
2026-08-22 12:04:00,https://css.ext.hp.com/messenger/whatsApp/whatsApp_IN.html,143,143
2026-08-22 12:04:01,https://css.ext.hp.com/messenger/whatsApp/whatsApp_IN.html,132,42
2026-08-22 12:04:02,https://css.ext.hp.com/messenger/whatsApp/whatsApp_IN.html,122,113
2026-08-22 12:04:03,https://css.ext.hp.com/messenger/whatsApp/whatsApp_IN.html,113,80
2026-08-22 12:04:04,https://css.ext.hp.com/messenger/whatsApp/whatsApp_IN.html,102,90
2026-08-22 12:04:05,https://css.ext.hp.com/messenger/whatsApp/whatsApp_IN.html,99,67
2026-08-22 12:04:06,https://css.ext.hp.com/messenger/whatsApp/whatsApp_IN.html,99,73
2026-08-22 12:04:08,https://css.ext.hp.com/messenger/whatsApp/whatsApp_IN.html,106,63
2026-08-22 12:04:11,https://css.ext.hp.com/messenger/whatsApp/whatsApp_IN.html,104,41
2026-08-22 12:04:12,https://css.ext.hp.com/messenger/whatsApp/whatsApp_IN.html,83,185
2026-08-22 12:04:15,https://css.ext.hp.com/messenger/whatsApp/whatsApp_IN.html,83,137
2026-08-22 12:04:16,https://css.ext.hp.com/messenger/whatsApp/whatsApp_IN.html,76,199
2026-08-22 12:04:23,https://css.ext.hp.com/messenger/whatsApp/whatsApp_IN.html,76,201
2026-08-22 12:11:59,https://css.ext.hp.com/messenger/whatsApp/whatsApp_IN.html,101,193
2026-08-22 12:12:00,https://css.ext.hp.com/messenger/whatsApp/whatsApp_IN.html,102,180
2026-08-22 12:12:01,https://css.ext.hp.com/messenger/whatsApp/whatsApp_IN.html,102,169
2026-08-22 12:12:02,https://css.ext.hp.com/messenger/whatsApp/whatsApp_IN.html,96,174
2026-08-22 12:12:03,https://css.ext.hp.com/messenger/whatsApp/whatsApp_IN.html,92,136
2026-08-22 12:12:04,https://css.ext.hp.com/messenger/whatsApp/whatsApp_IN.html,93,145
2026-08-22 12:12:05,https://css.ext.hp.com/messenger/whatsApp/whatsApp_IN.html,93,145
2026-08-22 12:12:06,https://css.ext.hp.com/messenger/whatsApp/whatsApp_IN.html,92,125
2026-08-22 12:12:07,https://css.ext.hp.com/messenger/whatsApp/whatsApp_IN.html,91,86
2026-08-22 12:12:10,https://css.ext.hp.com/messenger/whatsApp/whatsApp_IN.html,91,75
2026-08-22 12:12:11,https://css.ext.hp.com/messenger/whatsApp/whatsApp_IN.html,85,213
2026-08-22 12:12:12,https://css.ext.hp.com/messenger/whatsApp/whatsApp_IN.html,85,177
2026-08-22 12:12:15,https://css.ext.hp.com/messenger/whatsApp/whatsApp_IN.html,84,28
2026-08-22 12:12:16,https://css.ext.hp.com/messenger/whatsApp/whatsApp_IN.html,82,160
2026-08-22 12:12:18,https://css.ext.hp.com/messenger/whatsApp/whatsApp_IN.html,84,73
2026-08-22 12:12:22,https://css.ext.hp.com/messenger/whatsApp/whatsApp_IN.html,85,139
2026-08-22 12:12:25,https://css.ext.hp.com/messenger/whatsApp/whatsApp_IN.html,85,127
2026-08-22 12:12:26,https://css.ext.hp.com/messenger/whatsApp/whatsApp_IN.html,85,223
2026-08-22 12:12:27,https://css.ext.hp.com/messenger/whatsApp/whatsApp_IN.html,85,211
2026-08-22 12:12:28,https://css.ext.hp.com/messenger/whatsApp/whatsApp_IN.html,85,220
2026-08-22 12:12:29,https://css.ext.hp.com/messenger/whatsApp/whatsApp_IN.html,84,225
2026-08-22 12:12:30,https://css.ext.hp.com/messenger/whatsApp/whatsApp_IN.html,85,223
2026-08-22 12:12:31,https://css.ext.hp.com/messenger/whatsApp/whatsApp_IN.html,83,209
2026-08-22 12:12:32,https://css.ext.hp.com/messenger/whatsApp/whatsApp_IN.html,81,183
2026-08-22 12:12:34,https://css.ext.hp.com/messenger/whatsApp/whatsApp_IN.html,82,181
2026-08-22 12:12:37,https://css.ext.hp.com/messenger/whatsApp/whatsApp_IN.html,83,122
2026-08-22 12:12:39,https://css.ext.hp.com/messenger/whatsApp/whatsApp_IN.html,87,226
2026-08-22 12:12:40,https://css.ext.hp.com/messenger/whatsApp/whatsApp_IN.html,86,233
2026-08-22 12:12:41,https://css.ext.hp.com/messenger/whatsApp/whatsApp_IN.html,86,233
2026-08-22 12:12:42,https://css.ext.hp.com/messenger/whatsApp/whatsApp_IN.html,86,234
2026-08-22 12:12:43,https://css.ext.hp.com/messenger/whatsApp/whatsApp_IN.html,86,222
2026-08-22 12:12:44,https://css.ext.hp.com/messenger/whatsApp/whatsApp_IN.html,85,218
2026-08-22 12:12:45,https://css.ext.hp.com/messenger/whatsApp/whatsApp_IN.html,85,221
2026-08-22 12:12:46,https://css.ext.hp.com/messenger/whatsApp/whatsApp_IN.html,85,213
2026-08-22 12:12:47,https://css.ext.hp.com/messenger/whatsApp/whatsApp_IN.html,84,191
2026-08-22 12:12:49,https://css.ext.hp.com/messenger/whatsApp/whatsApp_IN.html,85,61
2026-08-22 12:12:50,https://css.ext.hp.com/messenger/whatsApp/whatsApp_IN.html,134,70
2026-08-22 12:12:51,https://css.ext.hp.com/messenger/whatsApp/whatsApp_IN.html,122,127
2026-08-22 12:12:52,https://css.ext.hp.com/messenger/whatsApp/whatsApp_IN.html,117,188
2026-08-22 12:12:53,https://css.ext.hp.com/messenger/whatsApp/whatsApp_IN.html,117,249
2026-08-22 12:12:54,https://css.ext.hp.com/messenger/whatsApp/whatsApp_IN.html,116,253
2026-08-22 12:12:55,https://css.ext.hp.com/messenger/whatsApp/whatsApp_IN.html,116,203
2026-08-22 12:12:56,https://css.ext.hp.com/messenger/whatsApp/whatsApp_IN.html,114,205
2026-08-22 12:12:57,https://css.ext.hp.com/messenger/whatsApp/whatsApp_IN.html,113,183
2026-08-22 12:12:58,https://css.ext.hp.com/messenger/whatsApp/whatsApp_IN.html,113,182
2026-08-22 12:12:59,https://css.ext.hp.com/messenger/whatsApp/whatsApp_IN.html,108,201
2026-08-22 12:13:00,https://css.ext.hp.com/messenger/whatsApp/whatsApp_IN.html,106,303
2026-08-22 12:13:01,https://css.ext.hp.com/messenger/whatsApp/whatsApp_IN.html,106,314
2026-08-22 12:13:02,https://css.ext.hp.com/messenger/whatsApp/whatsApp_IN.html,106,285
2026-08-22 12:13:03,https://css.ext.hp.com/messenger/whatsApp/whatsApp_IN.html,105,299
2026-08-22 12:13:04,https://css.ext.hp.com/messenger/whatsApp/whatsApp_IN.html,94,301
2026-08-22 12:13:05,https://css.ext.hp.com/messenger/whatsApp/whatsApp_IN.html,88,242
2026-08-22 12:13:06,https://css.ext.hp.com/messenger/whatsApp/whatsApp_IN.html,85,313
2026-08-22 12:13:07,https://css.ext.hp.com/messenger/whatsApp/whatsApp_IN.html,84,286
2026-08-22 12:13:08,https://css.ext.hp.com/messenger/whatsApp/whatsApp_IN.html,81,223
2026-08-22 12:13:09,https://css.ext.hp.com/messenger/whatsApp/whatsApp_IN.html,78,330
2026-08-22 12:13:11,https://css.ext.hp.com/messenger/whatsApp/whatsApp_IN.html,78,322
2026-08-22 12:13:15,https://css.ext.hp.com/messenger/whatsApp/whatsApp_IN.html,78,233
2026-08-22 12:13:16,https://css.ext.hp.com/messenger/whatsApp/whatsApp_IN.html,88,294
2026-08-22 12:13:18,https://css.ext.hp.com/messenger/whatsApp/whatsApp_IN.html,78,277
2026-08-22 12:13:19,https://css.ext.hp.com/messenger/whatsApp/whatsApp_IN.html,87,330
2026-08-22 12:13:22,https://css.ext.hp.com/messenger/whatsApp/whatsApp_IN.html,87,261
2026-08-22 12:13:23,https://css.ext.hp.com/messenger/whatsApp/whatsApp_IN.html,92,243
2026-08-22 12:13:24,https://css.ext.hp.com/messenger/whatsApp/whatsApp_IN.html,92,260
2026-08-22 12:13:25,https://css.ext.hp.com/messenger/whatsApp/whatsApp_IN.html,92,241
2026-08-22 12:13:28,https://css.ext.hp.com/messenger/whatsApp/whatsApp_IN.html,87,145
2026-08-22 12:13:29,https://css.ext.hp.com/messenger/whatsApp/whatsApp_IN.html,82,231
2026-08-22 12:26:42,https://css.ext.hp.com/messenger/whatsApp/whatsApp_IN.html,103,159
2026-08-22 12:26:43,https://css.ext.hp.com/messenger/whatsApp/whatsApp_IN.html,102,208
2026-08-22 12:26:44,https://css.ext.hp.com/messenger/whatsApp/whatsApp_IN.html,100,209
2026-08-22 12:26:45,https://css.ext.hp.com/messenger/whatsApp/whatsApp_IN.html,100,213
2026-08-22 12:26:46,https://css.ext.hp.com/messenger/whatsApp/whatsApp_IN.html,100,220
2026-08-22 12:26:47,https://css.ext.hp.com/messenger/whatsApp/whatsApp_IN.html,91,116
2026-08-22 12:26:50,https://css.ext.hp.com/messenger/whatsApp/whatsApp_IN.html,100,99
2026-08-22 12:26:54,https://css.ext.hp.com/messenger/whatsApp/whatsApp_IN.html,98,192
2026-08-22 12:27:03,https://css.ext.hp.com/messenger/whatsApp/whatsApp_IN.html,91,178
2026-08-22 12:27:17,https://css.ext.hp.com/messenger/whatsApp/whatsApp_IN.html,93,220
2026-08-22 12:27:18,https://css.ext.hp.com/messenger/whatsApp/whatsApp_IN.html,94,194
2026-08-22 12:27:19,https://css.ext.hp.com/messenger/whatsApp/whatsApp_IN.html,94,159
2026-08-22 12:27:20,https://css.ext.hp.com/messenger/whatsApp/whatsApp_IN.html,89,252
2026-08-22 12:27:21,https://css.ext.hp.com/messenger/whatsApp/whatsApp_IN.html,86,264
2026-08-22 12:27:22,https://css.ext.hp.com/messenger/whatsApp/whatsApp_IN.html,84,245
2026-08-22 12:27:23,https://css.ext.hp.com/messenger/whatsApp/whatsApp_IN.html,83,222
2026-08-22 12:27:25,https://css.ext.hp.com/messenger/whatsApp/whatsApp_IN.html,82,206
2026-08-22 12:27:28,https://css.ext.hp.com/messenger/whatsApp/whatsApp_IN.html,87,109
2026-08-22 14:32:58,https://qrr.to/ea5f58ef,193,252
2026-08-22 14:32:59,https://qrr.to/ea5f58ef,198,272
2026-08-22 14:33:00,https://qrr.to/ea5f58ef,185,210
2026-08-22 14:33:01,https://qrr.to/ea5f58ef,161,231
2026-08-22 14:33:02,https://qrr.to/ea5f58ef,162,169
2026-08-22 14:33:05,https://qrr.to/ea5f58ef,158,18
2026-08-22 14:52:02,https://qrr.to/ea5f58ef,112,174
2026-08-22 14:52:03,https://qrr.to/ea5f58ef,119,303
2026-08-22 14:52:04,https://qrr.to/ea5f58ef,118,303
2026-08-22 14:52:05,https://qrr.to/ea5f58ef,117,328
2026-08-22 14:52:06,https://qrr.to/ea5f58ef,120,318
2026-08-22 14:52:07,https://qrr.to/ea5f58ef,103,80
2026-08-22 14:52:08,https://qrr.to/ea5f58ef,77,266
2026-08-22 14:52:09,https://qrr.to/ea5f58ef,53,367
2026-08-22 14:52:13,https://qrr.to/ea5f58ef,55,253
2026-08-22 14:52:14,https://qrr.to/ea5f58ef,53,454
2026-08-22 14:52:15,https://qrr.to/ea5f58ef,53,454
2026-08-22 14:52:17,https://qrr.to/ea5f58ef,53,399
2026-08-22 14:52:20,https://qrr.to/ea5f58ef,53,126
2026-08-22 14:52:28,https://qrr.to/ea5f58ef,53,800
2026-08-22 14:52:35,https://qrr.to/ea5f58ef,53,229
2026-08-22 14:52:42,https://qrr.to/ea5f58ef,53,334
2026-08-22 14:52:49,https://qrr.to/ea5f58ef,53,64
2026-08-22 14:52:59,https://qrr.to/ea5f58ef,53,550
2026-08-22 15:05:54,https://cpplusworld.com/serviceappqrcode,216,22
2026-08-22 15:05:55,https://cpplusworld.com/serviceappqrcode,225,71
2026-08-22 15:05:56,https://cpplusworld.com/serviceappqrcode,214,59
2026-08-22 15:05:57,https://cpplusworld.com/serviceappqrcode,171,39
2026-08-22 15:05:58,https://cpplusworld.com/serviceappqrcode,161,28
2026-08-22 15:05:59,WVMMZ7XQ4PWNYKQN,72,80
2026-08-22 15:06:00,https://cpplusworld.com/serviceappqrcode,129,67
2026-08-22 15:06:00,WVMMZ7XQ4PWNYKQN,68,65
2026-08-22 15:06:00,https://cpplusworld.com/serviceappqrcode,116,28
2026-08-22 15:06:00,WVMMZ7XQ4PWNYKQN,59,87
2026-08-22 15:06:01,https://cpplusworld.com/serviceappqrcode,96,43
2026-08-22 15:06:01,WVMMZ7XQ4PWNYKQN,53,195
2026-08-22 15:06:02,WVMMZ7XQ4PWNYKQN,50,142
2026-08-22 15:06:02,https://cpplusworld.com/serviceappqrcode,87,96
2026-08-22 15:06:02,WVMMZ7XQ4PWNYKQN,48,131
2026-08-22 15:06:02,https://cpplusworld.com/serviceappqrcode,84,74
2026-08-22 15:06:03,WVMMZ7XQ4PWNYKQN,47,99
2026-08-22 15:06:03,https://cpplusworld.com/serviceappqrcode,81,69
2026-08-22 15:06:04,https://cpplusworld.com/serviceappqrcode,75,171
2026-08-22 15:06:12,https://cpplusworld.com/serviceappqrcode,75,202
2026-08-22 15:06:19,https://cpplusworld.com/serviceappqrcode,75,38
2026-08-22 15:06:19,WVMMZ7XQ4PWNYKQN,57,271
2026-08-22 15:06:20,WVMMZ7XQ4PWNYKQN,57,369
2026-08-22 15:06:21,WVMMZ7XQ4PWNYKQN,57,196
2026-08-22 15:06:25,WVMMZ7XQ4PWNYKQN,58,59
2026-08-22 15:06:29,WVMMZ7XQ4PWNYKQN,58,133
2026-08-22 15:06:31,WVMMZ7XQ4PWNYKQN,52,353
2026-08-22 15:06:32,WVMMZ7XQ4PWNYKQN,51,283
2026-08-22 15:06:32,https://cpplusworld.com/serviceappqrcode,94,92
2026-08-22 15:06:36,WVMMZ7XQ4PWNYKQN,52,11
2026-08-22 15:06:37,https://cpplusworld.com/serviceappqrcode,95,329
2026-08-22 15:06:37,WVMMZ7XQ4PWNYKQN,52,266
2026-08-22 15:06:38,WVMMZ7XQ4PWNYKQN,51,440
2026-08-22 15:06:39,WVMMZ7XQ4PWNYKQN,52,373
2026-08-22 15:06:40,WVMMZ7XQ4PWNYKQN,52,478
2026-08-22 15:06:41,WVMMZ7XQ4PWNYKQN,52,462
2026-08-22 15:06:45,WVMMZ7XQ4PWNYKQN,52,35
2026-08-22 15:06:46,https://cpplusworld.com/serviceappqrcode,95,494
2026-08-22 15:06:46,WVMMZ7XQ4PWNYKQN,51,521
2026-08-22 15:06:47,WVMMZ7XQ4PWNYKQN,51,525
2026-08-22 15:06:48,WVMMZ7XQ4PWNYKQN,50,424
2026-08-22 15:06:52,WVMMZ7XQ4PWNYKQN,51,234
2026-08-22 15:06:52,https://cpplusworld.com/serviceappqrcode,58,374
2026-08-22 15:06:53,https://cpplusworld.com/serviceappqrcode,58,408
2026-08-22 15:06:54,https://cpplusworld.com/serviceappqrcode,58,432
2026-08-22 15:06:55,https://cpplusworld.com/serviceappqrcode,57,418
2026-08-22 15:06:56,https://cpplusworld.com/serviceappqrcode,57,354
2026-08-22 15:07:00,https://cpplusworld.com/serviceappqrcode,58,252
2026-08-22 15:07:04,https://cpplusworld.com/serviceappqrcode,58,146
2026-08-22 15:07:09,https://cpplusworld.com/serviceappqrcode,58,130
2026-08-22 15:07:10,https://cpplusworld.com/serviceappqrcode,68,267
2026-08-22 15:07:11,https://cpplusworld.com/serviceappqrcode,69,382
2026-08-22 15:07:12,https://cpplusworld.com/serviceappqrcode,70,213
2026-08-22 15:07:13,https://cpplusworld.com/serviceappqrcode,66,440
2026-08-22 15:07:14,https://cpplusworld.com/serviceappqrcode,66,394
2026-08-22 15:07:18,https://cpplusworld.com/serviceappqrcode,66,121
2026-08-22 15:07:21,https://cpplusworld.com/serviceappqrcode,66,106
2026-08-22 15:07:22,https://cpplusworld.com/serviceappqrcode,84,180
2026-08-22 15:07:26,https://cpplusworld.com/serviceappqrcode,66,153
2026-08-22 15:07:26,WVMMZ7XQ4PWNYKQN,50,414
2026-08-22 15:07:27,https://cpplusworld.com/serviceappqrcode,94,442
2026-08-22 15:07:31,https://cpplusworld.com/serviceappqrcode,94,62
2026-08-22 15:07:31,WVMMZ7XQ4PWNYKQN,50,368
2026-08-22 15:07:32,WVMMZ7XQ4PWNYKQN,50,372
2026-08-22 15:07:32,https://cpplusworld.com/serviceappqrcode,94,414
2026-08-22 15:07:36,WVMMZ7XQ4PWNYKQN,50,29
2026-08-22 15:07:37,WVMMZ7XQ4PWNYKQN,51,350
2026-08-22 15:07:37,https://cpplusworld.com/serviceappqrcode,96,463
2026-08-22 15:07:37,WVMMZ7XQ4PWNYKQN,51,405
2026-08-22 15:07:38,WVMMZ7XQ4PWNYKQN,51,357
2026-08-22 15:07:42,WVMMZ7XQ4PWNYKQN,51,103
2026-08-22 15:07:46,WVMMZ7XQ4PWNYKQN,51,125
2026-08-22 15:07:47,https://cpplusworld.com/serviceappqrcode,65,220
2026-08-22 15:07:48,https://cpplusworld.com/serviceappqrcode,66,365
2026-08-22 15:07:51,WVMMZ7XQ4PWNYKQN,51,135
2026-08-22 15:07:51,https://cpplusworld.com/serviceappqrcode,75,471
2026-08-22 15:07:52,WVMMZ7XQ4PWNYKQN,41,399
2026-08-22 15:07:52,https://cpplusworld.com/serviceappqrcode,74,448
2026-08-22 15:07:53,WVMMZ7XQ4PWNYKQN,40,446
2026-08-22 15:07:53,https://cpplusworld.com/serviceappqrcode,74,308
2026-08-22 15:07:58,https://cpplusworld.com/serviceappqrcode,75,143
2026-08-22 15:07:59,https://cpplusworld.com/serviceappqrcode,68,352
2026-08-22 15:08:00,WVMMZ7XQ4PWNYKQN,37,361
2026-08-22 15:08:00,https://cpplusworld.com/serviceappqrcode,68,369
2026-08-22 15:08:01,https://cpplusworld.com/serviceappqrcode,68,368
2026-08-22 15:08:04,https://cpplusworld.com/serviceappqrcode,68,143
2026-08-22 15:08:08,https://cpplusworld.com/serviceappqrcode,68,31
2026-08-22 15:08:09,https://cpplusworld.com/serviceappqrcode,77,458
2026-08-22 15:08:10,https://cpplusworld.com/serviceappqrcode,78,409
2026-08-22 15:08:14,https://cpplusworld.com/serviceappqrcode,79,80
2026-08-22 15:08:17,https://cpplusworld.com/serviceappqrcode,79,110
2026-08-22 15:08:17,WVMMZ7XQ4PWNYKQN,40,473
2026-08-22 15:08:18,https://cpplusworld.com/serviceappqrcode,69,333
2026-08-22 15:08:18,WVMMZ7XQ4PWNYKQN,39,486
2026-08-22 15:08:18,https://cpplusworld.com/serviceappqrcode,69,422
2026-08-22 15:08:18,WVMMZ7XQ4PWNYKQN,39,345
2026-08-22 15:08:18,https://cpplusworld.com/serviceappqrcode,69,454
2026-08-22 15:08:18,WVMMZ7XQ4PWNYKQN,40,515
2026-08-22 15:08:19,https://cpplusworld.com/serviceappqrcode,70,489
2026-08-22 15:08:20,WVMMZ7XQ4PWNYKQN,40,506
2026-08-22 15:08:20,https://cpplusworld.com/serviceappqrcode,69,510
2026-08-22 15:08:20,WVMMZ7XQ4PWNYKQN,39,436
2026-08-22 15:08:20,https://cpplusworld.com/serviceappqrcode,69,469
2026-08-22 15:08:21,https://cpplusworld.com/serviceappqrcode,69,353
2026-08-22 15:08:24,WVMMZ7XQ4PWNYKQN,39,24
2026-08-22 15:08:28,WVMMZ7XQ4PWNYKQN,39,29
2026-08-22 15:08:28,https://qrr.to/ea5f58ef,64,267
2026-08-22 15:08:29,https://qrr.to/ea5f58ef,63,311
2026-08-22 15:08:30,https://qrr.to/ea5f58ef,63,311
2026-08-22 15:08:31,https://qrr.to/ea5f58ef,64,303
2026-08-22 15:08:34,https://qrr.to/ea5f58ef,63,61
2026-08-22 15:08:35,https://qrr.to/ea5f58ef,63,254
2026-08-22 15:08:36,https://qrr.to/ea5f58ef,64,245
2026-08-22 15:08:37,https://qrr.to/ea5f58ef,64,259
2026-08-22 15:08:38,https://qrr.to/ea5f58ef,63,268
2026-08-22 15:11:28,https://qrr.to/ea5f58ef,158,46
2026-08-22 15:11:29,https://qrr.to/ea5f58ef,157,60
2026-08-22 15:11:31,https://qrr.to/ea5f58ef,90,27
2026-08-22 15:11:32,https://qrr.to/ea5f58ef,87,28
2026-08-22 15:11:33,https://qrr.to/ea5f58ef,86,20
2026-08-22 15:11:34,https://qrr.to/ea5f58ef,92,270
2026-08-22 15:11:35,https://qrr.to/ea5f58ef,91,235
2026-08-22 15:11:38,https://qrr.to/ea5f58ef,67,164
2026-08-22 15:11:44,https://qrr.to/ea5f58ef,70,269
2026-08-22 15:11:45,https://qrr.to/ea5f58ef,69,289
2026-08-22 15:11:46,https://qrr.to/ea5f58ef,70,196
2026-08-22 15:11:48,https://qrr.to/ea5f58ef,70,299
2026-08-22 15:11:49,https://qrr.to/ea5f58ef,70,321
2026-08-22 15:11:50,https://qrr.to/ea5f58ef,69,227
2026-08-22 15:11:52,https://qrr.to/ea5f58ef,73,172
2026-08-22 15:11:56,https://qrr.to/ea5f58ef,78,231
2026-08-22 15:11:57,https://qrr.to/ea5f58ef,78,247
2026-08-22 15:11:59,https://qrr.to/ea5f58ef,78,250
2026-08-22 15:12:00,https://qrr.to/ea5f58ef,76,272
2026-08-22 15:12:01,https://qrr.to/ea5f58ef,77,180
2026-08-22 15:12:03,https://qrr.to/ea5f58ef,75,187
2026-08-22 15:12:04,https://qrr.to/ea5f58ef,78,138
2026-08-22 15:12:05,https://qrr.to/ea5f58ef,79,154
2026-08-22 15:12:06,https://qrr.to/ea5f58ef,78,182
2026-08-22 15:16:05,https://qrr.to/ea5f58ef,139,231
2026-08-22 15:16:06,https://qrr.to/ea5f58ef,138,224
2026-08-22 15:16:07,https://qrr.to/ea5f58ef,137,149
2026-08-22 15:16:13,https://qrr.to/ea5f58ef,102,96
2026-08-22 15:16:14,https://qrr.to/ea5f58ef,102,152
2026-08-22 15:16:15,https://qrr.to/ea5f58ef,101,83
2026-08-22 15:16:17,https://qrr.to/ea5f58ef,100,223
2026-08-22 15:16:18,https://qrr.to/ea5f58ef,100,170
2026-08-22 15:16:22,https://qrr.to/ea5f58ef,88,278
2026-08-22 15:16:23,https://qrr.to/ea5f58ef,88,286
2026-08-22 15:16:24,https://qrr.to/ea5f58ef,88,188
2026-08-22 15:16:26,https://qrr.to/ea5f58ef,88,227
2026-08-22 15:16:27,https://qrr.to/ea5f58ef,88,146
2026-08-22 15:18:23,https://qrr.to/ea5f58ef,93,275
2026-08-22 15:18:24,https://qrr.to/ea5f58ef,93,269
2026-08-22 15:18:25,https://qrr.to/ea5f58ef,93,278
2026-08-22 15:18:26,https://qrr.to/ea5f58ef,93,272
2026-08-22 15:18:27,https://qrr.to/ea5f58ef,93,278
2026-08-22 15:18:30,https://qrr.to/ea5f58ef,89,317
2026-08-22 15:18:31,https://qrr.to/ea5f58ef,89,325
2026-08-22 15:18:32,https://qrr.to/ea5f58ef,89,324
2026-08-22 15:18:33,https://qrr.to/ea5f58ef,89,334
2026-08-22 15:18:34,https://qrr.to/ea5f58ef,86,336
2026-08-22 15:18:35,https://qrr.to/ea5f58ef,87,131
2026-08-22 15:18:41,https://qrr.to/ea5f58ef,93,348
2026-08-22 15:18:42,https://qrr.to/ea5f58ef,93,378
2026-08-22 15:18:44,https://qrr.to/ea5f58ef,93,340
2026-08-22 15:18:45,https://qrr.to/ea5f58ef,93,397
2026-08-22 15:18:46,https://qrr.to/ea5f58ef,92,369
2026-08-22 15:18:47,https://qrr.to/ea5f58ef,93,347
2026-08-22 15:18:48,https://qrr.to/ea5f58ef,92,352
2026-08-22 15:18:49,https://qrr.to/ea5f58ef,93,363
2026-08-22 15:18:50,https://qrr.to/ea5f58ef,91,286
2026-08-22 15:18:51,https://qrr.to/ea5f58ef,91,239
2026-08-22 15:18:52,https://qrr.to/ea5f58ef,90,211
2026-08-22 15:18:53,https://qrr.to/ea5f58ef,89,363
2026-08-22 15:18:54,https://qrr.to/ea5f58ef,89,355
2026-08-22 15:18:55,https://qrr.to/ea5f58ef,89,324
2026-08-22 15:18:57,https://qrr.to/ea5f58ef,93,351
2026-08-22 15:18:58,https://qrr.to/ea5f58ef,93,392
2026-08-22 15:18:59,https://qrr.to/ea5f58ef,94,387
2026-08-22 15:19:00,https://qrr.to/ea5f58ef,93,462
2026-08-22 15:19:01,https://qrr.to/ea5f58ef,94,438
2026-08-22 15:19:02,https://qrr.to/ea5f58ef,94,419
2026-08-22 15:19:03,https://qrr.to/ea5f58ef,93,469
2026-08-22 15:19:04,https://qrr.to/ea5f58ef,93,456
2026-08-22 15:19:05,https://qrr.to/ea5f58ef,92,334
2026-08-22 15:19:06,https://qrr.to/ea5f58ef,91,387
2026-08-22 15:19:07,https://qrr.to/ea5f58ef,91,400
2026-08-22 15:19:08,https://qrr.to/ea5f58ef,91,374
2026-08-22 15:19:09,https://qrr.to/ea5f58ef,91,332
2026-08-22 15:19:10,https://qrr.to/ea5f58ef,89,245
2026-08-22 15:19:11,https://qrr.to/ea5f58ef,89,292
2026-08-22 15:19:12,https://qrr.to/ea5f58ef,88,198
2026-08-22 15:19:14,https://qrr.to/ea5f58ef,91,396
2026-08-22 15:19:16,https://qrr.to/ea5f58ef,89,476
2026-08-22 15:19:17,https://qrr.to/ea5f58ef,89,459
2026-08-22 15:19:18,https://qrr.to/ea5f58ef,88,294
2026-08-22 15:19:24,https://qrr.to/ea5f58ef,108,422
2026-08-22 15:19:25,https://qrr.to/ea5f58ef,109,348
2026-08-22 15:19:26,https://qrr.to/ea5f58ef,113,373
2026-08-22 15:19:27,https://qrr.to/ea5f58ef,110,289
2026-08-22 15:19:28,https://qrr.to/ea5f58ef,83,362
2026-08-22 15:19:29,https://qrr.to/ea5f58ef,72,218
2026-08-22 15:19:30,https://qrr.to/ea5f58ef,67,430
2026-08-22 15:19:31,https://qrr.to/ea5f58ef,62,278
2026-08-22 15:19:32,https://qrr.to/ea5f58ef,59,203
2026-08-22 15:19:34,https://qrr.to/ea5f58ef,59,402
2026-08-22 15:19:35,https://qrr.to/ea5f58ef,58,347
2026-08-22 15:19:36,https://qrr.to/ea5f58ef,57,342
2026-08-22 15:19:37,https://qrr.to/ea5f58ef,57,428
2026-08-22 15:19:38,https://qrr.to/ea5f58ef,56,440
2026-08-22 15:19:39,https://qrr.to/ea5f58ef,57,423
2026-08-22 15:19:41,https://qrr.to/ea5f58ef,57,431
2026-08-22 15:19:42,https://qrr.to/ea5f58ef,56,422
2026-08-22 15:19:43,https://qrr.to/ea5f58ef,57,432
2026-08-22 15:19:44,https://qrr.to/ea5f58ef,56,412
2026-08-22 15:19:45,https://qrr.to/ea5f58ef,56,405
2026-08-22 15:19:46,https://qrr.to/ea5f58ef,56,308
2026-08-22 15:19:47,https://qrr.to/ea5f58ef,56,379
2026-08-22 15:19:48,https://qrr.to/ea5f58ef,56,351
2026-08-22 15:19:49,https://qrr.to/ea5f58ef,55,320
2026-08-22 15:19:50,https://qrr.to/ea5f58ef,55,389
2026-08-22 15:19:51,https://qrr.to/ea5f58ef,55,376
2026-08-22 15:19:52,https://qrr.to/ea5f58ef,55,405
2026-08-22 15:19:53,https://qrr.to/ea5f58ef,56,407
2026-08-22 15:19:54,https://qrr.to/ea5f58ef,56,308
2026-08-22 15:19:55,https://qrr.to/ea5f58ef,57,252
2026-08-22 15:19:58,https://qrr.to/ea5f58ef,74,98
2026-08-22 15:19:59,https://qrr.to/ea5f58ef,75,107
2026-08-22 15:20:00,https://qrr.to/ea5f58ef,74,55
2026-08-22 15:20:01,https://qrr.to/ea5f58ef,74,95
2026-08-22 15:20:02,https://qrr.to/ea5f58ef,74,80
2026-08-22 15:20:06,https://qrr.to/ea5f58ef,71,263
2026-08-22 15:20:07,https://qrr.to/ea5f58ef,70,248
2026-08-22 15:20:08,https://qrr.to/ea5f58ef,71,263
2026-08-22 15:20:09,https://qrr.to/ea5f58ef,70,267
2026-08-22 15:20:10,https://qrr.to/ea5f58ef,70,260
2026-08-22 15:20:11,https://qrr.to/ea5f58ef,70,252
2026-08-22 15:20:12,https://qrr.to/ea5f58ef,70,240
2026-08-22 15:20:13,https://qrr.to/ea5f58ef,70,254
2026-08-22 15:20:14,https://qrr.to/ea5f58ef,69,232
2026-08-22 15:20:15,https://qrr.to/ea5f58ef,68,185
2026-08-22 15:20:24,https://qrr.to/ea5f58ef,71,284
2026-08-22 15:20:25,https://qrr.to/ea5f58ef,71,279
2026-08-22 15:20:26,https://qrr.to/ea5f58ef,69,208
2026-08-22 15:20:27,https://qrr.to/ea5f58ef,69,243
2026-08-22 15:20:28,https://qrr.to/ea5f58ef,68,261
2026-08-22 15:20:29,https://qrr.to/ea5f58ef,67,239
2026-08-22 15:20:30,https://qrr.to/ea5f58ef,67,266
2026-08-22 15:20:31,https://qrr.to/ea5f58ef,65,249
2026-08-22 15:20:32,https://qrr.to/ea5f58ef,64,242
2026-08-22 15:20:33,https://qrr.to/ea5f58ef,64,237
2026-08-22 15:20:34,https://qrr.to/ea5f58ef,62,233
2026-08-22 15:20:35,https://qrr.to/ea5f58ef,61,211
2026-08-22 15:20:36,https://qrr.to/ea5f58ef,60,217
2026-08-22 15:20:37,https://qrr.to/ea5f58ef,59,213
2026-08-22 15:20:38,https://qrr.to/ea5f58ef,58,190
2026-08-22 15:20:39,https://qrr.to/ea5f58ef,57,152
2026-08-22 15:20:40,https://qrr.to/ea5f58ef,57,155
2026-08-22 15:20:44,https://qrr.to/ea5f58ef,57,270
2026-08-22 15:20:45,https://qrr.to/ea5f58ef,58,129
2026-08-22 15:20:51,https://qrr.to/ea5f58ef,62,138
2026-08-22 15:20:52,https://qrr.to/ea5f58ef,62,177
2026-08-22 15:20:53,https://qrr.to/ea5f58ef,63,155
2026-08-22 15:20:54,https://qrr.to/ea5f58ef,54,205
2026-08-22 15:20:55,https://qrr.to/ea5f58ef,56,185
2026-08-22 15:21:07,https://qrr.to/ea5f58ef,61,323
2026-08-22 15:21:08,https://qrr.to/ea5f58ef,61,332
2026-08-22 15:21:09,https://qrr.to/ea5f58ef,59,323
2026-08-22 15:21:10,https://qrr.to/ea5f58ef,60,317
2026-08-22 15:21:11,https://qrr.to/ea5f58ef,59,291
2026-08-22 15:21:12,https://qrr.to/ea5f58ef,60,347
2026-08-22 15:21:13,https://qrr.to/ea5f58ef,59,278
2026-08-22 15:24:15,https://qrr.to/ea5f58ef,83,292
2026-08-22 15:24:16,https://qrr.to/ea5f58ef,83,164
2026-08-22 15:24:17,https://qrr.to/ea5f58ef,81,225
2026-08-22 15:24:18,https://qrr.to/ea5f58ef,81,168
2026-08-22 15:24:21,https://qrr.to/ea5f58ef,63,105
2026-08-22 15:24:22,https://qrr.to/ea5f58ef,64,105
2026-08-22 15:24:23,https://qrr.to/ea5f58ef,64,100
2026-08-22 15:24:24,https://qrr.to/ea5f58ef,65,206
2026-08-22 15:24:25,https://qrr.to/ea5f58ef,65,83
2026-08-22 15:24:26,https://qrr.to/ea5f58ef,65,220
2026-08-22 15:24:28,https://qrr.to/ea5f58ef,65,207
2026-08-22 15:24:29,https://qrr.to/ea5f58ef,64,224
2026-08-22 15:24:30,https://qrr.to/ea5f58ef,64,118
2026-08-22 15:24:50,https://qrr.to/ea5f58ef,47,305
2026-08-22 15:24:51,https://qrr.to/ea5f58ef,47,288
2026-08-22 15:24:52,https://qrr.to/ea5f58ef,47,327
2026-08-22 15:24:53,https://qrr.to/ea5f58ef,47,318
2026-08-22 15:24:54,https://qrr.to/ea5f58ef,47,318
2026-08-22 15:24:55,https://qrr.to/ea5f58ef,48,278
2026-08-22 15:25:04,https://qrr.to/ea5f58ef,43,303
2026-08-22 15:25:05,https://qrr.to/ea5f58ef,44,303
2026-08-22 15:25:17,https://qrr.to/ea5f58ef,87,302
2026-08-22 15:25:18,https://qrr.to/ea5f58ef,87,298
2026-08-22 15:25:19,https://qrr.to/ea5f58ef,85,291
2026-08-22 15:25:20,https://qrr.to/ea5f58ef,79,220
2026-08-22 15:25:21,https://qrr.to/ea5f58ef,77,142
2026-08-22 15:25:22,https://qrr.to/ea5f58ef,76,263
2026-08-22 15:25:23,https://qrr.to/ea5f58ef,77,263
2026-08-22 15:25:24,https://qrr.to/ea5f58ef,77,265
2026-08-22 15:25:25,https://qrr.to/ea5f58ef,77,76
2026-08-22 15:25:28,https://qrr.to/ea5f58ef,46,220
2026-08-22 15:25:29,https://qrr.to/ea5f58ef,46,209
2026-08-22 15:25:30,https://qrr.to/ea5f58ef,44,281
2026-08-22 15:25:31,https://qrr.to/ea5f58ef,43,269
2026-08-22 15:25:35,https://qrr.to/ea5f58ef,46,314
2026-08-22 15:25:42,https://qrr.to/ea5f58ef,46,245
2026-08-22 15:25:43,https://qrr.to/ea5f58ef,46,253
2026-08-22 15:25:53,https://qrr.to/ea5f58ef,49,236
2026-08-22 15:26:00,https://qrr.to/ea5f58ef,44,260
2026-08-22 15:26:01,https://qrr.to/ea5f58ef,46,285
2026-08-22 15:26:02,https://qrr.to/ea5f58ef,46,307
2026-08-22 15:35:38,https://qrr.to/ea5f58ef,85,152
2026-08-22 15:35:45,https://qrr.to/ea5f58ef,96,179
2026-08-22 15:35:46,https://qrr.to/ea5f58ef,97,250
2026-08-22 15:35:47,https://qrr.to/ea5f58ef,95,122
2026-08-22 15:35:48,https://qrr.to/ea5f58ef,68,177
2026-08-22 15:35:49,https://qrr.to/ea5f58ef,67,223
2026-08-22 15:35:50,https://qrr.to/ea5f58ef,63,244
2026-08-22 15:35:51,https://qrr.to/ea5f58ef,59,211
2026-08-22 15:35:52,https://qrr.to/ea5f58ef,56,185
2026-08-22 15:35:53,https://qrr.to/ea5f58ef,56,170
2026-08-22 15:35:54,https://qrr.to/ea5f58ef,54,208
2026-08-22 15:35:55,https://qrr.to/ea5f58ef,54,196
2026-08-22 15:35:56,https://qrr.to/ea5f58ef,52,255
2026-08-22 15:35:58,https://qrr.to/ea5f58ef,51,317
2026-08-22 15:35:59,https://qrr.to/ea5f58ef,52,273
2026-08-22 15:36:00,https://qrr.to/ea5f58ef,57,282
2026-08-22 15:36:01,https://qrr.to/ea5f58ef,58,163
2026-08-22 15:36:02,https://qrr.to/ea5f58ef,60,263
2026-08-22 15:36:03,https://qrr.to/ea5f58ef,62,254
2026-08-22 15:36:04,https://qrr.to/ea5f58ef,64,253
2026-08-22 15:36:05,https://qrr.to/ea5f58ef,64,227
2026-08-22 15:36:06,https://qrr.to/ea5f58ef,62,234
2026-08-22 15:36:07,https://qrr.to/ea5f58ef,60,199
2026-08-22 15:36:08,https://qrr.to/ea5f58ef,59,226
2026-08-22 15:36:09,https://qrr.to/ea5f58ef,57,176
2026-08-22 15:36:10,https://qrr.to/ea5f58ef,57,95
2026-08-22 15:36:17,https://qrr.to/ea5f58ef,91,247
2026-08-22 15:36:18,https://qrr.to/ea5f58ef,90,183
2026-08-22 15:36:19,https://qrr.to/ea5f58ef,85,237
2026-08-22 15:36:20,https://qrr.to/ea5f58ef,80,198
2026-08-22 15:36:21,https://qrr.to/ea5f58ef,73,203
2026-08-22 15:36:22,https://qrr.to/ea5f58ef,72,185
2026-08-22 15:36:23,https://qrr.to/ea5f58ef,69,173
2026-08-22 15:36:24,https://qrr.to/ea5f58ef,66,181
2026-08-22 15:36:25,https://qrr.to/ea5f58ef,64,173
2026-08-22 15:36:26,https://qrr.to/ea5f58ef,62,166
2026-08-22 15:36:27,https://qrr.to/ea5f58ef,61,153
2026-08-22 15:36:28,https://qrr.to/ea5f58ef,60,129
2026-08-22 15:36:29,https://qrr.to/ea5f58ef,60,132
2026-08-22 15:36:30,https://qrr.to/ea5f58ef,60,130
2026-08-22 15:36:31,https://qrr.to/ea5f58ef,59,94
2026-08-22 15:36:33,https://qrr.to/ea5f58ef,58,114
2026-08-22 15:36:34,https://qrr.to/ea5f58ef,57,201
2026-08-22 15:36:35,https://qrr.to/ea5f58ef,56,107
